,Q_HL,Q_HR,LL_s,LN2_s,LR_s
0,2.5128339235529724,1.8754186600515406,4.247138001491144,1.7365586241439297,2.104934222082638
