,Q_HL,Q_HR,LL_s,LN2_s,LR_s
0,2.9335983594155737,2.943401796858377,4.517262267974717,2.627398653998358,3.3685822486597976
